metacell	metacell_annotation	color	metacell_top_cell_type	metacell_ann_cell_type	metacell_top_leiden	metacell_ann_leiden
mc.0011	gastrodermis_1	wheat1	gastrodermis_1	gastrodermis_1|1.00	lc004	lc004|0.43;lc045|0.34;lc033|0.12;lc037|0.09
mc.0183	gastrodermis_1	wheat1	gastrodermis_1	gastrodermis_1|0.95	lc004	lc004|0.76;lc033|0.09;lc037|0.09
mc.0062	gastrodermis_1	wheat1	gastrodermis_1	gastrodermis_1|1.00	lc004	lc004|0.83;lc067|0.14
mc.0294	gastrodermis_1	wheat1	gastrodermis_1	gastrodermis_1|1.00	lc004	lc004|0.72;lc045|0.15;lc067|0.08
mc.0326	gastrodermis_1	wheat1	gastrodermis_1	gastrodermis_1|1.00	lc004	lc004|0.99
mc.0248	gastrodermis_1	wheat1	gastrodermis_1	gastrodermis_1|0.98	lc004	lc004|0.94
mc.0189	gastrodermis_1	wheat1	gastrodermis_1	gastrodermis_1|0.84;gastrodermis_like|0.14	lc004	lc004|0.84;lc011|0.11
mc.0085	gastrodermis_1	wheat1	gastrodermis_1	gastrodermis_1|1.00	lc004	lc004|0.99
mc.0127	gastrodermis_1	wheat1	gastrodermis_1	gastrodermis_1|0.91	lc010	lc010|0.44;lc045|0.34;lc034|0.09
mc.0229	gastrodermis_1	wheat1	gastrodermis_1	gastrodermis_1|1.00	lc010	lc010|0.55;lc045|0.43
mc.0165	gastrodermis_1	wheat1	gastrodermis_1	gastrodermis_1|1.00	lc010	lc010|0.79;lc045|0.18
mc.0216	gastrodermis_1	wheat1	gastrodermis_1	gastrodermis_1|0.61;gastrodermis_2|0.37	lc010	lc010|0.47;lc035|0.37;lc045|0.11
mc.0274	gastrodermis_1	wheat1	gastrodermis_1	gastrodermis_1|0.98	lc010	lc010|0.52;lc045|0.29;lc067|0.13
mc.0068	gastrodermis_1	wheat1	gastrodermis_1	gastrodermis_1|1.00	lc010	lc010|0.60;lc045|0.39
mc.0231	gastrodermis_1	wheat1	gastrodermis_1	gastrodermis_1|0.61;gastrodermis_2|0.39	lc010	lc010|0.47;lc035|0.39;lc045|0.12
mc.0252	gastrodermis_1	wheat1	gastrodermis_1	gastrodermis_1|1.00	lc010	lc010|0.68;lc045|0.29
mc.0193	gastrodermis_1	wheat1	gastrodermis_1	gastrodermis_1|1.00	lc023	lc023|0.93;lc034|0.07
mc.0159	gastrodermis_1	wheat1	gastrodermis_1	gastrodermis_1|1.00	lc023	lc023|0.71;lc034|0.26
mc.0158	gastrodermis_1	wheat1	gastrodermis_1	gastrodermis_1|1.00	lc023	lc023|0.62;lc034|0.28;lc067|0.06
mc.0030	gastrodermis_1	wheat1	gastrodermis_1	gastrodermis_1|1.00	lc023	lc023|0.90;lc034|0.10
mc.0042	gastrodermis_1	wheat1	gastrodermis_1	gastrodermis_1|0.85;gastrodermis_like|0.15	lc023	lc023|0.73;lc003|0.15;lc067|0.08
mc.0215	gastrodermis_1	wheat1	gastrodermis_1	gastrodermis_1|1.00	lc023	lc023|0.87;lc034|0.12
mc.0298	gastrodermis_1	wheat1	gastrodermis_1	gastrodermis_1|0.99	lc023	lc023|0.75;lc034|0.22
mc.0250	gastrodermis_1	wheat1	gastrodermis_1	gastrodermis_1|1.00	lc023	lc023|0.97
mc.0205	gastrodermis_1	wheat1	gastrodermis_1	gastrodermis_1|1.00	lc023	lc023|0.63;lc050|0.31
mc.0027	gastrodermis_1	wheat1	gastrodermis_1	gastrodermis_1|1.00	lc023	lc023|0.58;lc034|0.41
mc.0259	gastrodermis_1	wheat1	gastrodermis_1	gastrodermis_1|1.00	lc023	lc023|0.62;lc034|0.38
mc.0156	gastrodermis_1	wheat1	gastrodermis_1	gastrodermis_1|1.00	lc023	lc023|0.62;lc034|0.38
mc.0117	gastrodermis_1	wheat1	gastrodermis_1	gastrodermis_1|0.89;gastrodermis_like|0.11	lc033	lc033|0.54;lc067|0.28;lc003|0.11
mc.0073	gastrodermis_1	wheat1	gastrodermis_1	gastrodermis_1|1.00	lc033	lc033|0.72;lc004|0.13;lc067|0.10
mc.0241	gastrodermis_1	wheat1	gastrodermis_1	gastrodermis_1|0.98	lc033	lc033|0.49;lc067|0.36;lc045|0.08
mc.0167	gastrodermis_1	wheat1	gastrodermis_1	gastrodermis_1|0.99	lc033	lc033|0.44;lc004|0.36;lc045|0.08;lc010|0.07
mc.0123	gastrodermis_1	wheat1	gastrodermis_1	gastrodermis_1|1.00	lc034	lc034|0.94
mc.0230	gastrodermis_1	wheat1	gastrodermis_1	gastrodermis_1|0.97	lc034	lc034|0.81;lc023|0.17
mc.0133	gastrodermis_1	wheat1	gastrodermis_1	gastrodermis_1|1.00	lc034	lc034|0.66;lc023|0.34
mc.0012	gastrodermis_1	wheat1	gastrodermis_1	gastrodermis_1|0.57;gastrodermis_muscle|0.43	lc034	lc034|0.56;lc066|0.43
mc.0245	gastrodermis_1	wheat1	gastrodermis_1	gastrodermis_1|0.54;gastrodermis_muscle|0.46	lc034	lc034|0.54;lc066|0.46
mc.0058	gastrodermis_1	wheat1	gastrodermis_1	gastrodermis_1|0.97	lc034	lc034|0.92
mc.0195	gastrodermis_1	wheat1	gastrodermis_1	gastrodermis_1|1.00	lc034	lc034|0.63;lc023|0.37
mc.0311	gastrodermis_1	wheat1	gastrodermis_1	gastrodermis_1|1.00	lc034	lc034|0.61;lc023|0.35
mc.0289	gastrodermis_1	wheat1	gastrodermis_1	gastrodermis_1|0.98	lc034	lc034|0.89;lc023|0.07
mc.0317	gastrodermis_1	wheat1	gastrodermis_1	gastrodermis_1|1.00	lc034	lc034|0.76;lc023|0.24
mc.0035	gastrodermis_1	wheat1	gastrodermis_1	gastrodermis_1|1.00	lc034	lc034|0.85;lc023|0.15
mc.0206	gastrodermis_1	wheat1	gastrodermis_1	gastrodermis_1|1.00	lc037	lc037|0.75;lc045|0.09;lc023|0.06
mc.0329	gastrodermis_1	wheat1	gastrodermis_1	gastrodermis_1|1.00	lc037	lc037|0.51;lc067|0.27;lc045|0.12
mc.0251	gastrodermis_1	wheat1	gastrodermis_1	gastrodermis_1|1.00	lc045	lc045|0.61;lc010|0.38
mc.0110	gastrodermis_1	wheat1	gastrodermis_1	gastrodermis_1|1.00	lc045	lc045|0.71;lc010|0.19;lc037|0.10
mc.0013	gastrodermis_1	wheat1	gastrodermis_1	gastrodermis_1|1.00	lc045	lc045|0.46;lc034|0.33;lc010|0.14
mc.0157	gastrodermis_1	wheat1	gastrodermis_1	gastrodermis_1|1.00	lc045	lc045|0.31;lc010|0.30;lc034|0.30;lc023|0.06
mc.0325	gastrodermis_1	wheat1	gastrodermis_1	gastrodermis_1|1.00	lc045	lc045|0.54;lc010|0.44
mc.0228	gastrodermis_1	wheat1	gastrodermis_1	gastrodermis_1|1.00	lc045	lc045|0.71;lc010|0.14;lc067|0.08
mc.0129	gastrodermis_1	wheat1	gastrodermis_1	gastrodermis_1|1.00	lc045	lc045|0.52;lc033|0.20;lc067|0.20;lc010|0.06
mc.0293	gastrodermis_1	wheat1	gastrodermis_1	gastrodermis_1|1.00	lc045	lc045|0.82;lc067|0.10;lc010|0.06
mc.0275	gastrodermis_1	wheat1	gastrodermis_1	gastrodermis_1|1.00	lc045	lc045|0.73;lc037|0.19
mc.0026	gastrodermis_1	wheat1	gastrodermis_1	gastrodermis_1|1.00	lc045	lc045|0.70;lc010|0.20;lc037|0.05
mc.0122	gastrodermis_1	wheat1	gastrodermis_1	gastrodermis_1|0.99	lc045	lc045|0.62;lc010|0.30
mc.0177	gastrodermis_1	wheat1	gastrodermis_1	gastrodermis_1|1.00	lc045	lc045|0.69;lc067|0.20;lc037|0.09
mc.0059	gastrodermis_1	wheat1	gastrodermis_1	gastrodermis_1|0.99	lc050	lc050|0.71;lc023|0.14;lc034|0.07;lc067|0.05
mc.0003	gastrodermis_1	wheat1	gastrodermis_1	gastrodermis_1|0.99	lc067	lc067|0.68;lc033|0.26
mc.0160	gastrodermis_1	wheat1	gastrodermis_1	gastrodermis_1|1.00	lc067	lc067|0.41;lc033|0.26;lc045|0.15;lc010|0.09;lc023|0.06
mc.0214	gastrodermis_1	wheat1	gastrodermis_1	gastrodermis_1|1.00	lc067	lc067|0.45;lc045|0.25;lc023|0.15;lc037|0.13
mc.0171	gastrodermis_1	wheat1	gastrodermis_1	gastrodermis_1|0.99	lc067	lc067|0.71;lc023|0.15;lc037|0.13
mc.0161	gastrodermis_1	wheat1	gastrodermis_1	gastrodermis_1|1.00	lc067	lc067|0.89;lc004|0.07
mc.0318	gastrodermis_1	wheat1	gastrodermis_1	gastrodermis_1|1.00	lc067	lc067|0.73;lc045|0.10;lc037|0.08
mc.0076	gastrodermis_1	wheat1	gastrodermis_1	gastrodermis_1|1.00	lc067	lc067|0.74;lc033|0.13;lc023|0.07
mc.0154	gastrodermis_1	wheat1	gastrodermis_1	gastrodermis_1|0.77;gastrodermis_like|0.23	lc067	lc067|0.38;lc004|0.33;lc003|0.14;lc011|0.09
mc.0256	gastrodermis_1	wheat1	gastrodermis_1	gastrodermis_1|1.00	lc067	lc067|0.90
mc.0188	gastrodermis_1	wheat1	gastrodermis_1	gastrodermis_1|0.92;gastrodermis_like|0.08	lc067	lc067|0.80;lc004|0.11;lc003|0.08
mc.0209	gastrodermis_1	wheat1	gastrodermis_1	gastrodermis_1|1.00	lc067	lc067|0.79;lc033|0.15
mc.0192	gastrodermis_2	wheat2	gastrodermis_2	gastrodermis_2|1.00	lc001	lc001|0.53;lc056|0.47
mc.0124	gastrodermis_2	wheat2	gastrodermis_2	gastrodermis_2|1.00	lc001	lc001|0.76;lc056|0.24
mc.0271	gastrodermis_2	wheat2	gastrodermis_2	gastrodermis_2|1.00	lc001	lc001|0.99
mc.0044	gastrodermis_2	wheat2	gastrodermis_2	gastrodermis_2|1.00	lc001	lc001|0.94;lc015|0.06
mc.0037	gastrodermis_2	wheat2	gastrodermis_2	gastrodermis_2|0.99	lc001	lc001|0.98
mc.0303	gastrodermis_2	wheat2	gastrodermis_2	gastrodermis_2|1.00	lc001	lc001|0.94
mc.0112	gastrodermis_2	wheat2	gastrodermis_2	gastrodermis_2|1.00	lc001	lc001|1.00
mc.0125	gastrodermis_2	wheat2	gastrodermis_2	gastrodermis_2|1.00	lc001	lc001|1.00
mc.0243	gastrodermis_2	wheat2	gastrodermis_2	gastrodermis_2|1.00	lc001	lc001|0.93;lc015|0.07
mc.0279	gastrodermis_2	wheat2	gastrodermis_2	gastrodermis_2|0.99	lc001	lc001|0.97
mc.0119	gastrodermis_2	wheat2	gastrodermis_2	gastrodermis_2|1.00	lc001	lc001|0.51;lc035|0.38;lc015|0.07
mc.0320	gastrodermis_2	wheat2	gastrodermis_2	gastrodermis_2|1.00	lc001	lc001|0.99
mc.0219	gastrodermis_2	wheat2	gastrodermis_2	gastrodermis_2|0.90;gastrodermis_like|0.09	lc015	lc015|0.81;lc051|0.09;lc001|0.07
mc.0203	gastrodermis_2	wheat2	gastrodermis_2	gastrodermis_2|1.00	lc015	lc015|0.52;lc001|0.48
mc.0025	gastrodermis_2	wheat2	gastrodermis_2	gastrodermis_2|0.90;gastrodermis_1|0.10	lc015	lc015|0.88;lc004|0.09
mc.0265	gastrodermis_2	wheat2	gastrodermis_2	gastrodermis_2|0.60;gastrodermis_1|0.40	lc015	lc015|0.56;lc004|0.39
mc.0014	gastrodermis_2	wheat2	gastrodermis_2	gastrodermis_2|1.00	lc015	lc015|0.92;lc001|0.08
mc.0046	gastrodermis_2	wheat2	gastrodermis_2	gastrodermis_2|1.00	lc015	lc015|0.52;lc001|0.48
mc.0187	gastrodermis_2	wheat2	gastrodermis_2	gastrodermis_2|0.97	lc035	lc035|0.63;lc001|0.34
mc.0142	gastrodermis_2	wheat2	gastrodermis_2	gastrodermis_2|0.99	lc035	lc035|0.89;lc001|0.10
mc.0105	gastrodermis_2	wheat2	gastrodermis_2	gastrodermis_2|0.82;gastrodermis_1|0.18	lc035	lc035|0.67;lc004|0.11;lc001|0.10;lc010|0.05
mc.0174	gastrodermis_2	wheat2	gastrodermis_2	gastrodermis_2|0.97	lc041	lc041|0.93
mc.0309	gastrodermis_2	wheat2	gastrodermis_2	gastrodermis_2|0.95	lc041	lc041|0.78;lc056|0.10;lc015|0.05
mc.0001	gastrodermis_2	wheat2	gastrodermis_2	gastrodermis_2|1.00	lc056	lc056|0.92;lc001|0.08
mc.0258	gastrodermis_2	wheat2	gastrodermis_2	gastrodermis_2|0.97	lc056	lc056|0.97
mc.0184	gastrodermis_2	wheat2	gastrodermis_2	gastrodermis_2|1.00	lc056	lc056|1.00
mc.0149	gastrodermis_2	wheat2	gastrodermis_2	gastrodermis_2|1.00	lc056	lc056|1.00
mc.0152	gastrodermis_2	wheat2	gastrodermis_2	gastrodermis_2|0.98	lc056	lc056|0.97
mc.0065	gastrodermis_2	wheat2	gastrodermis_2	gastrodermis_2|1.00	lc056	lc056|1.00
mc.0094	gastrodermis_2	wheat2	gastrodermis_2	gastrodermis_2|1.00	lc056	lc056|0.95;lc041|0.05
mc.0092	gastrodermis_2	wheat2	gastrodermis_2	gastrodermis_2|1.00	lc056	lc056|0.91;lc001|0.09
mc.0319	gastrodermis_2	wheat2	gastrodermis_2	gastrodermis_2|0.96	lc056	lc056|0.95
mc.0063	gastrodermis_2	wheat2	gastrodermis_2	gastrodermis_2|1.00	lc056	lc056|1.00
mc.0312	gastrodermis_2	wheat2	gastrodermis_2	gastrodermis_2|0.86;gastrodermis_1|0.14	lc056	lc056|0.78;lc037|0.14;lc041|0.08
mc.0101	gastrodermis_like	wheat3	gastrodermis_like	gastrodermis_like|0.93;gastrodermis_1|0.07	lc003	lc003|0.93;lc004|0.07
mc.0246	gastrodermis_like	wheat3	gastrodermis_like	gastrodermis_like|0.68;gastrodermis_1|0.32	lc003	lc003|0.68;lc067|0.17;lc033|0.14
mc.0218	gastrodermis_like	wheat3	gastrodermis_like	gastrodermis_like|0.93;gastrodermis_1|0.07	lc003	lc003|0.93;lc023|0.06
mc.0150	gastrodermis_like	wheat3	gastrodermis_like	gastrodermis_like|1.00	lc003	lc003|0.86;lc057|0.14
mc.0107	gastrodermis_like	wheat3	gastrodermis_like	gastrodermis_like|1.00	lc003	lc003|1.00
mc.0240	gastrodermis_like	wheat3	gastrodermis_like	gastrodermis_like|1.00	lc003	lc003|1.00
mc.0138	gastrodermis_like	wheat3	gastrodermis_like	gastrodermis_like|0.96	lc003	lc003|0.81;lc011|0.14
mc.0198	gastrodermis_like	wheat3	gastrodermis_like	gastrodermis_like|0.93	lc003	lc003|0.93
mc.0033	gastrodermis_like	wheat3	gastrodermis_like	gastrodermis_like|0.95	lc011	lc011|0.95
mc.0079	gastrodermis_like	wheat3	gastrodermis_like	gastrodermis_like|0.96	lc011	lc011|0.95
mc.0048	gastrodermis_like	wheat3	gastrodermis_like	gastrodermis_like|0.99	lc011	lc011|0.99
mc.0300	gastrodermis_like	wheat3	gastrodermis_like	gastrodermis_like|1.00	lc011	lc011|1.00
mc.0070	gastrodermis_like	wheat3	gastrodermis_like	gastrodermis_like|0.60;gastrodermis_2|0.39	lc011	lc011|0.60;lc015|0.39
mc.0244	gastrodermis_like	wheat3	gastrodermis_like	gastrodermis_like|1.00	lc011	lc011|1.00
mc.0019	gastrodermis_like	wheat3	gastrodermis_like	gastrodermis_like|0.60;gastrodermis_2|0.16;gastrodermis_muscle|0.13;gastrodermis_1|0.11	lc051	lc051|0.55;lc066|0.13;lc015|0.11
mc.0181	gastrodermis_like	wheat3	gastrodermis_like	gastrodermis_like|0.76;gastrodermis_2|0.22	lc051	lc051|0.76;lc056|0.21
mc.0010	gastrodermis_like	wheat3	gastrodermis_like	gastrodermis_like|0.99	lc057	lc057|0.89;lc003|0.10
mc.0067	gastrodermis_mitotic	cornsilk2	gastrodermis_mitotic	gastrodermis_mitotic|0.97	lc018	lc018|0.97
mc.0281	gastrodermis_mitotic	cornsilk2	gastrodermis_mitotic	gastrodermis_mitotic|0.91;gastrodermis_1|0.07	lc018	lc018|0.91
mc.0316	gastrodermis_mitotic	cornsilk2	gastrodermis_mitotic	gastrodermis_mitotic|0.86;gastrodermis_1|0.11	lc018	lc018|0.86;lc004|0.07
mc.0207	gastrodermis_mitotic	cornsilk2	gastrodermis_mitotic	gastrodermis_mitotic|0.55;gastrodermis_2|0.41	lc018	lc018|0.55;lc001|0.21;lc015|0.09;lc035|0.09
mc.0074	gastrodermis_mitotic	cornsilk2	gastrodermis_mitotic	gastrodermis_mitotic|0.61;gastrodermis_2|0.23;gastrodermis_1|0.14	lc018	lc018|0.61;lc037|0.14;lc056|0.13;lc041|0.07
mc.0087	gastrodermis_mitotic	cornsilk2	gastrodermis_mitotic	gastrodermis_mitotic|0.94;gastrodermis_1|0.05	lc018	lc018|0.94;lc037|0.05
mc.0111	gastrodermis_mitotic	cornsilk2	gastrodermis_mitotic	gastrodermis_mitotic|0.95	lc018	lc018|0.95
mc.0047	gastrodermis_muscle	burlywood4	gastrodermis_muscle	gastrodermis_muscle|0.99	lc066	lc066|0.99
mc.0078	gastrodermis_muscle	burlywood4	gastrodermis_muscle	gastrodermis_muscle|0.93	lc066	lc066|0.93
mc.0071	gastrodermis_muscle	burlywood4	gastrodermis_muscle	gastrodermis_muscle|0.99	lc066	lc066|0.99
mc.0202	gastrodermis_muscle	burlywood4	gastrodermis_muscle	gastrodermis_muscle|0.98	lc066	lc066|0.98
mc.0077	gastrodermis_muscle	burlywood4	gastrodermis_muscle	gastrodermis_muscle|0.81;gastrodermis_1|0.19	lc066	lc066|0.81;lc034|0.11;lc010|0.08
mc.0239	gastrodermis_muscle	burlywood4	gastrodermis_muscle	gastrodermis_muscle|0.76;gastrodermis_2|0.15;gastrodermis_1|0.08	lc066	lc066|0.76;lc056|0.08;lc035|0.07
mc.0083	gastrodermis_muscle	burlywood4	gastrodermis_muscle	gastrodermis_muscle|0.73;gastrodermis_1|0.27	lc066	lc066|0.73;lc034|0.16;lc023|0.07
mc.0282	gastrodermis_muscle	burlywood4	gastrodermis_muscle	gastrodermis_muscle|0.87;gastrodermis_1|0.13	lc066	lc066|0.87;lc034|0.13
mc.0069	gastrodermis_alga_hosting	darkolivegreen3	gastrodermis_alga_hosting	gastrodermis_alga_hosting|1.00	lc002	lc002|0.37;lc006|0.33;lc036|0.16;lc030|0.13
mc.0290	gastrodermis_alga_hosting	darkolivegreen3	gastrodermis_alga_hosting	gastrodermis_alga_hosting|1.00	lc002	lc002|0.51;lc006|0.19;lc036|0.18;lc030|0.07;lc029|0.05
mc.0049	gastrodermis_alga_hosting	darkolivegreen3	gastrodermis_alga_hosting	gastrodermis_alga_hosting|1.00	lc002	lc002|0.60;lc006|0.20;lc036|0.19
mc.0266	gastrodermis_alga_hosting	darkolivegreen3	gastrodermis_alga_hosting	gastrodermis_alga_hosting|1.00	lc002	lc002|0.41;lc006|0.37;lc029|0.11;lc036|0.08
mc.0288	gastrodermis_alga_hosting	darkolivegreen3	gastrodermis_alga_hosting	gastrodermis_alga_hosting|1.00	lc002	lc002|0.40;lc006|0.31;lc036|0.27
mc.0130	gastrodermis_alga_hosting	darkolivegreen3	gastrodermis_alga_hosting	gastrodermis_alga_hosting|1.00	lc002	lc002|0.58;lc036|0.24;lc006|0.15
mc.0166	gastrodermis_alga_hosting	darkolivegreen3	gastrodermis_alga_hosting	gastrodermis_alga_hosting|1.00	lc002	lc002|0.47;lc036|0.34;lc006|0.17
mc.0007	gastrodermis_alga_hosting	darkolivegreen3	gastrodermis_alga_hosting	gastrodermis_alga_hosting|1.00	lc002	lc002|0.47;lc030|0.19;lc006|0.18;lc036|0.15
mc.0196	gastrodermis_alga_hosting	darkolivegreen3	gastrodermis_alga_hosting	gastrodermis_alga_hosting|1.00	lc002	lc002|0.44;lc006|0.44;lc029|0.06
mc.0140	gastrodermis_alga_hosting	darkolivegreen3	gastrodermis_alga_hosting	gastrodermis_alga_hosting|1.00	lc002	lc002|0.35;lc006|0.32;lc030|0.19;lc029|0.09;lc036|0.06
mc.0147	gastrodermis_alga_hosting	darkolivegreen3	gastrodermis_alga_hosting	gastrodermis_alga_hosting|1.00	lc002	lc002|0.29;lc006|0.29;lc029|0.23;lc036|0.18
mc.0327	gastrodermis_alga_hosting	darkolivegreen3	gastrodermis_alga_hosting	gastrodermis_alga_hosting|1.00	lc002	lc002|0.60;lc006|0.21;lc036|0.15
mc.0118	gastrodermis_alga_hosting	darkolivegreen3	gastrodermis_alga_hosting	gastrodermis_alga_hosting|1.00	lc006	lc006|0.37;lc029|0.19;lc002|0.17;lc036|0.13;lc030|0.09;lc063|0.05
mc.0086	gastrodermis_alga_hosting	darkolivegreen3	gastrodermis_alga_hosting	gastrodermis_alga_hosting|1.00	lc006	lc006|0.41;lc030|0.32;lc029|0.15;lc002|0.12
mc.0321	gastrodermis_alga_hosting	darkolivegreen3	gastrodermis_alga_hosting	gastrodermis_alga_hosting|1.00	lc006	lc006|0.49;lc002|0.36;lc030|0.08
mc.0088	gastrodermis_alga_hosting	darkolivegreen3	gastrodermis_alga_hosting	gastrodermis_alga_hosting|1.00	lc006	lc006|0.60;lc002|0.36
mc.0328	gastrodermis_alga_hosting	darkolivegreen3	gastrodermis_alga_hosting	gastrodermis_alga_hosting|1.00	lc006	lc006|0.39;lc029|0.35;lc002|0.20
mc.0029	gastrodermis_alga_hosting	darkolivegreen3	gastrodermis_alga_hosting	gastrodermis_alga_hosting|1.00	lc006	lc006|0.41;lc002|0.22;lc029|0.18;lc036|0.11;lc030|0.08
mc.0162	gastrodermis_alga_hosting	darkolivegreen3	gastrodermis_alga_hosting	gastrodermis_alga_hosting|1.00	lc006	lc006|0.60;lc029|0.21;lc002|0.17
mc.0050	gastrodermis_alga_hosting	darkolivegreen3	gastrodermis_alga_hosting	gastrodermis_alga_hosting|1.00	lc029	lc029|0.49;lc006|0.47
mc.0004	gastrodermis_alga_hosting	darkolivegreen3	gastrodermis_alga_hosting	gastrodermis_alga_hosting|1.00	lc030	lc030|0.37;lc002|0.28;lc006|0.21;lc036|0.10
mc.0022	gastrodermis_alga_hosting	darkolivegreen3	gastrodermis_alga_hosting	gastrodermis_alga_hosting|1.00	lc030	lc030|0.57;lc002|0.26;lc006|0.10;lc036|0.07
mc.0211	gastrodermis_alga_hosting	darkolivegreen3	gastrodermis_alga_hosting	gastrodermis_alga_hosting|1.00	lc030	lc030|0.42;lc006|0.24;lc029|0.19;lc002|0.08;lc036|0.08
mc.0145	gastrodermis_alga_hosting	darkolivegreen3	gastrodermis_alga_hosting	gastrodermis_alga_hosting|1.00	lc030	lc030|0.65;lc006|0.18;lc002|0.15
mc.0292	gastrodermis_alga_hosting	darkolivegreen3	gastrodermis_alga_hosting	gastrodermis_alga_hosting|1.00	lc030	lc030|0.49;lc002|0.23;lc006|0.15;lc036|0.14
mc.0253	gastrodermis_alga_hosting	darkolivegreen3	gastrodermis_alga_hosting	gastrodermis_alga_hosting|1.00	lc030	lc030|0.54;lc002|0.21;lc006|0.15;lc036|0.11
mc.0185	gastrodermis_alga_hosting	darkolivegreen3	gastrodermis_alga_hosting	gastrodermis_alga_hosting|1.00	lc036	lc036|0.41;lc002|0.40;lc006|0.18
mc.0175	gastrodermis_alga_hosting	darkolivegreen3	gastrodermis_alga_hosting	gastrodermis_alga_hosting|1.00	lc036	lc036|0.46;lc002|0.45;lc006|0.08
mc.0208	digestive_filaments	pink3	digestive_filaments	digestive_filaments|0.98	lc027	lc027|0.98
mc.0272	digestive_filaments	pink3	digestive_filaments	digestive_filaments|0.94;gastrodermis_alga_hosting|0.06	lc027	lc027|0.94;lc029|0.06
mc.0057	digestive_filaments	pink3	digestive_filaments	digestive_filaments|0.97	lc027	lc027|0.97
mc.0262	epidermis	cadetblue2	epidermis	epidermis|0.98	lc007	lc007|0.92
mc.0322	epidermis	cadetblue2	epidermis	epidermis|0.83;digestive_filaments|0.17	lc007	lc007|0.57;lc027|0.17;lc017|0.17;lc025|0.09
mc.0045	epidermis	cadetblue2	epidermis	epidermis|1.00	lc007	lc007|0.99
mc.0191	epidermis	cadetblue2	epidermis	epidermis|0.99	lc007	lc007|0.97
mc.0120	epidermis	cadetblue2	epidermis	epidermis|1.00	lc007	lc007|0.99
mc.0306	epidermis	cadetblue2	epidermis	epidermis|1.00	lc007	lc007|0.96
mc.0221	epidermis	cadetblue2	epidermis	epidermis|1.00	lc007	lc007|1.00
mc.0200	epidermis	cadetblue2	epidermis	epidermis|1.00	lc013	lc013|0.89;lc017|0.11
mc.0260	epidermis	cadetblue2	epidermis	epidermis|1.00	lc013	lc013|1.00
mc.0296	epidermis	cadetblue2	epidermis	epidermis|1.00	lc013	lc013|0.90;lc017|0.10
mc.0097	epidermis	cadetblue2	epidermis	epidermis|1.00	lc013	lc013|0.99
mc.0028	epidermis	cadetblue2	epidermis	epidermis|1.00	lc013	lc013|1.00
mc.0276	epidermis	cadetblue2	epidermis	epidermis|1.00	lc013	lc013|0.71;lc017|0.29
mc.0041	epidermis	cadetblue2	epidermis	epidermis|1.00	lc013	lc013|0.58;lc017|0.38
mc.0093	epidermis	cadetblue2	epidermis	epidermis|1.00	lc013	lc013|0.71;lc017|0.29
mc.0249	epidermis	cadetblue2	epidermis	epidermis|1.00	lc017	lc017|0.99
mc.0220	epidermis	cadetblue2	epidermis	epidermis|1.00	lc017	lc017|0.94;lc007|0.06
mc.0021	epidermis	cadetblue2	epidermis	epidermis|1.00	lc017	lc017|0.86;lc013|0.14
mc.0233	epidermis	cadetblue2	epidermis	epidermis|1.00	lc017	lc017|0.59;lc025|0.20;lc007|0.17
mc.0034	epidermis	cadetblue2	epidermis	epidermis|1.00	lc017	lc017|0.58;lc025|0.41
mc.0173	epidermis	cadetblue2	epidermis	epidermis|0.99	lc021	lc021|0.94
mc.0315	epidermis	cadetblue2	epidermis	epidermis|1.00	lc021	lc021|0.95
mc.0040	epidermis	cadetblue2	epidermis	epidermis|0.99	lc021	lc021|0.60;lc012|0.23;lc055|0.07
mc.0227	epidermis	cadetblue2	epidermis	epidermis|1.00	lc021	lc021|0.91;lc007|0.08
mc.0310	epidermis	cadetblue2	epidermis	epidermis|1.00	lc021	lc021|0.91;lc012|0.06
mc.0128	epidermis	cadetblue2	epidermis	epidermis|0.95	lc025	lc025|0.82;lc007|0.14
mc.0232	epidermis	cadetblue2	epidermis	epidermis|0.98	lc025	lc025|0.90;lc007|0.08
mc.0148	epidermis	cadetblue2	epidermis	epidermis|1.00	lc025	lc025|0.97
mc.0178	epidermis	cadetblue2	epidermis	epidermis|1.00	lc025	lc025|1.00
mc.0121	epidermis	cadetblue2	epidermis	epidermis|1.00	lc012	lc012|0.64;lc007|0.27
mc.0141	epidermis	cadetblue2	epidermis	epidermis|1.00	lc012	lc012|0.97
mc.0261	epidermis	cadetblue2	epidermis	epidermis|0.96	lc012	lc012|0.62;lc052|0.34
mc.0304	epidermis	cadetblue2	epidermis	epidermis|1.00	lc012	lc012|1.00
mc.0126	epidermis	cadetblue2	epidermis	epidermis|1.00	lc012	lc012|1.00
mc.0307	epidermis	cadetblue2	epidermis	epidermis|1.00	lc012	lc012|0.94;lc038|0.06
mc.0060	epidermis	cadetblue2	epidermis	epidermis|1.00	lc012	lc012|0.98
mc.0005	epidermis	cadetblue2	epidermis	epidermis|1.00	lc012	lc012|0.59;lc021|0.38
mc.0155	epidermis	cadetblue2	epidermis	epidermis|1.00	lc012	lc012|1.00
mc.0226	epidermis	cadetblue2	epidermis	epidermis|1.00	lc012	lc012|0.47;lc052|0.30;lc044|0.20
mc.0186	epidermis	cadetblue2	epidermis	epidermis|1.00	lc012	lc012|0.99
mc.0287	epidermis	cadetblue2	epidermis	epidermis|1.00	lc012	lc012|0.96
mc.0210	epidermis	cadetblue2	epidermis	epidermis|1.00	lc012	lc012|0.95
mc.0277	epidermis	cadetblue2	epidermis	epidermis|1.00	lc012	lc012|0.77;lc038|0.23
mc.0213	epidermis	cadetblue2	epidermis	epidermis|1.00	lc038	lc038|0.94
mc.0116	epidermis	cadetblue2	epidermis	epidermis|1.00	lc038	lc038|0.93;lc052|0.05
mc.0257	epidermis	cadetblue2	epidermis	epidermis|1.00	lc038	lc038|0.78;lc012|0.17
mc.0263	epidermis	cadetblue2	epidermis	epidermis|0.77;neurosecretory_progenitors|0.19	lc038	lc038|0.39;lc012|0.29;lc024|0.19;lc044|0.06
mc.0269	epidermis	cadetblue2	epidermis	epidermis|1.00	lc044	lc044|0.92
mc.0106	epidermis	cadetblue2	epidermis	epidermis|1.00	lc052	lc052|0.53;lc012|0.43
mc.0131	epidermis_like_1	cadetblue3	epidermis_like_1	epidermis_like_1|1.00	lc014	lc014|0.95
mc.0008	epidermis_like_1	cadetblue3	epidermis_like_1	epidermis_like_1|0.75;epidermis_like_2|0.25	lc014	lc014|0.69;lc026|0.25;lc042|0.06
mc.0132	epidermis_like_1	cadetblue3	epidermis_like_1	epidermis_like_1|1.00	lc014	lc014|0.98
mc.0280	epidermis_like_1	cadetblue3	epidermis_like_1	epidermis_like_1|1.00	lc014	lc014|0.99
mc.0170	epidermis_like_1	cadetblue3	epidermis_like_1	epidermis_like_1|0.79;epidermis|0.21	lc060	lc060|0.62;lc012|0.21;lc014|0.16
mc.0267	epidermis_like_2	cadetblue4	epidermis_like_2	epidermis_like_2|0.99	lc026	lc026|0.99
mc.0286	epidermis_like_2	cadetblue4	epidermis_like_2	epidermis_like_2|0.86;epidermis|0.14	lc026	lc026|0.86;lc025|0.05
mc.0242	epidermis_like_2	cadetblue4	epidermis_like_2	epidermis_like_2|0.99	lc026	lc026|0.99
mc.0061	epidermis_like_2	cadetblue4	epidermis_like_2	epidermis_like_2|1.00	lc026	lc026|1.00
mc.0020	epidermis_like_2	cadetblue4	epidermis_like_2	epidermis_like_2|1.00	lc026	lc026|1.00
mc.0176	calicoblast	mediumpurple1	calicoblast	calicoblast|1.00	lc005	lc005|0.59;lc008|0.41
mc.0089	calicoblast	mediumpurple1	calicoblast	calicoblast|0.96	lc005	lc005|0.96
mc.0291	calicoblast	mediumpurple1	calicoblast	calicoblast|1.00	lc005	lc005|0.81;lc008|0.19
mc.0297	calicoblast	mediumpurple1	calicoblast	calicoblast|1.00	lc005	lc005|0.51;lc008|0.49
mc.0031	calicoblast	mediumpurple1	calicoblast	calicoblast|1.00	lc005	lc005|0.95;lc008|0.05
mc.0270	calicoblast	mediumpurple1	calicoblast	calicoblast|1.00	lc005	lc005|0.84;lc008|0.16
mc.0164	calicoblast	mediumpurple1	calicoblast	calicoblast|1.00	lc005	lc005|0.56;lc008|0.44
mc.0283	calicoblast	mediumpurple1	calicoblast	calicoblast|0.95	lc005	lc005|0.47;lc008|0.47
mc.0238	calicoblast	mediumpurple1	calicoblast	calicoblast|1.00	lc005	lc005|0.67;lc008|0.33
mc.0009	calicoblast	mediumpurple1	calicoblast	calicoblast|1.00	lc008	lc008|0.66;lc005|0.34
mc.0066	calicoblast	mediumpurple1	calicoblast	calicoblast|1.00	lc008	lc008|0.71;lc005|0.29
mc.0285	calicoblast	mediumpurple1	calicoblast	calicoblast|1.00	lc008	lc008|0.91;lc005|0.09
mc.0108	calicoblast	mediumpurple1	calicoblast	calicoblast|1.00	lc008	lc008|0.76;lc005|0.24
mc.0054	calicoblast	mediumpurple1	calicoblast	calicoblast|1.00	lc008	lc008|0.76;lc005|0.24
mc.0264	calicoblast	mediumpurple1	calicoblast	calicoblast|1.00	lc008	lc008|0.81;lc005|0.13;lc058|0.06
mc.0038	calicoblast	mediumpurple1	calicoblast	calicoblast|0.97	lc058	lc058|0.92
mc.0015	neurosecretory_progenitors	slategray3	neurosecretory_progenitors	neurosecretory_progenitors|0.86;epidermis|0.11	lc024	lc024|0.86;lc012|0.07
mc.0151	neurosecretory_progenitors	slategray3	neurosecretory_progenitors	neurosecretory_progenitors|0.98	lc024	lc024|0.98
mc.0032	neurosecretory_progenitors	slategray3	neurosecretory_progenitors	neurosecretory_progenitors|0.88;neuron_Isl_1|0.09	lc024	lc024|0.88;lc065|0.09
mc.0172	neuron_Pou4	royalblue1	neuron_Pou4	neuron_Pou4|1.00	lc009	lc009|0.61;lc016|0.30
mc.0082	neuron_Pou4	royalblue1	neuron_Pou4	neuron_Pou4|1.00	lc009	lc009|0.49;lc019|0.33;lc016|0.12;lc020|0.07
mc.0330	neuron_Pou4	royalblue1	neuron_Pou4	neuron_Pou4|1.00	lc009	lc009|0.47;lc016|0.34;lc019|0.11;lc020|0.08
mc.0254	neuron_Pou4	royalblue1	neuron_Pou4	neuron_Pou4|0.96	lc016	lc016|0.65;lc019|0.23
mc.0225	neuron_Pou4	royalblue1	neuron_Pou4	neuron_Pou4|1.00	lc016	lc016|0.41;lc019|0.41;lc009|0.16
mc.0182	neuron_Pou4	royalblue1	neuron_Pou4	neuron_Pou4|0.98	lc016	lc016|0.73;lc009|0.22
mc.0024	neuron_Pou4	royalblue1	neuron_Pou4	neuron_Pou4|0.98	lc016	lc016|0.53;lc009|0.24;lc019|0.19
mc.0284	neuron_Pou4	royalblue1	neuron_Pou4	neuron_Pou4|1.00	lc016	lc016|0.58;lc019|0.25;lc009|0.14
mc.0273	neuron_Pou4	royalblue1	neuron_Pou4	neuron_Pou4|1.00	lc016	lc016|0.49;lc019|0.36;lc009|0.13
mc.0168	neuron_Pou4	royalblue1	neuron_Pou4	neuron_Pou4|1.00	lc016	lc016|0.81;lc009|0.10;lc019|0.07
mc.0201	neuron_Pou4	royalblue1	neuron_Pou4	neuron_Pou4|1.00	lc019	lc019|0.37;lc020|0.35;lc009|0.26
mc.0103	neuron_Pou4	royalblue1	neuron_Pou4	neuron_Pou4|1.00	lc019	lc019|0.45;lc009|0.35;lc020|0.12;lc016|0.08
mc.0179	neuron_Pou4	royalblue1	neuron_Pou4	neuron_Pou4|1.00	lc019	lc019|0.44;lc009|0.26;lc016|0.24;lc020|0.05
mc.0146	neuron_Pou4	royalblue1	neuron_Pou4	neuron_Pou4|1.00	lc019	lc019|0.53;lc009|0.30;lc020|0.11;lc016|0.07
mc.0169	neuron_Pou4	royalblue1	neuron_Pou4	neuron_Pou4|1.00	lc019	lc019|0.36;lc009|0.33;lc016|0.16;lc020|0.16
mc.0217	neuron_Pou4	royalblue1	neuron_Pou4	neuron_Pou4|1.00	lc020	lc020|0.46;lc009|0.27;lc019|0.24
mc.0295	neuron_Pou4	royalblue1	neuron_Pou4	neuron_Pou4|1.00	lc020	lc020|0.44;lc009|0.27;lc019|0.23;lc016|0.06
mc.0268	neuron_Pou4	royalblue1	neuron_Pou4	neuron_Pou4|1.00	lc020	lc020|0.76;lc009|0.15;lc019|0.07
mc.0016	neuron_Pou4	royalblue1	neuron_Pou4	neuron_Pou4|1.00	lc020	lc020|0.55;lc009|0.26;lc019|0.16
mc.0017	neuron_Pou4	royalblue1	neuron_Pou4	neuron_Pou4|1.00	lc020	lc020|0.46;lc009|0.33;lc019|0.20
mc.0081	neuron_Pou4	royalblue1	neuron_Pou4	neuron_Pou4|1.00	lc020	lc020|0.49;lc009|0.34;lc019|0.12;lc016|0.05
mc.0163	neuron_Pou4_Otp	royalblue4	neuron_Pou4_Otp	neuron_Pou4_Otp|0.99	lc040	lc040|0.99
mc.0002	neuron_Pou4_Otp	royalblue4	neuron_Pou4_Otp	neuron_Pou4_Otp|1.00	lc040	lc040|1.00
mc.0080	neuron_Isl_1	steelblue1	neuron_Isl_1	neuron_Isl_1|1.00	lc046	lc046|0.87;lc065|0.13
mc.0190	neuron_Isl_1	steelblue1	neuron_Isl_1	neuron_Isl_1|0.99	lc046	lc046|0.94
mc.0056	neuron_Isl_1	steelblue1	neuron_Isl_1	neuron_Isl_1|1.00	lc046	lc046|0.77;lc065|0.23
mc.0308	neuron_Isl_1	steelblue1	neuron_Isl_1	neuron_Isl_1|1.00	lc065	lc065|1.00
mc.0323	neuron_Isl_1	steelblue1	neuron_Isl_1	neuron_Isl_1|1.00	lc065	lc065|1.00
mc.0134	neuron_Isl_1	steelblue1	neuron_Isl_1	neuron_Isl_1|0.97	lc065	lc065|0.93
mc.0236	neuron_Isl_1	steelblue1	neuron_Isl_1	neuron_Isl_1|0.85;neurosecretory_progenitors|0.11	lc065	lc065|0.85;lc024|0.11
mc.0095	neuron_Isl_1	steelblue1	neuron_Isl_1	neuron_Isl_1|0.95	lc065	lc065|0.95
mc.0314	neuron_Isl_1	steelblue1	neuron_Isl_1	neuron_Isl_1|1.00	lc065	lc065|1.00
mc.0197	neuron_Isl_1	steelblue1	neuron_Isl_1	neuron_Isl_1|1.00	lc065	lc065|1.00
mc.0043	neuron_Isl_1	steelblue1	neuron_Isl_1	neuron_Isl_1|1.00	lc065	lc065|1.00
mc.0144	neuron_Isl_1	steelblue1	neuron_Isl_1	neuron_Isl_1|1.00	lc065	lc065|0.98
mc.0100	neuron_Isl_1	steelblue1	neuron_Isl_1	neuron_Isl_1|1.00	lc065	lc065|1.00
mc.0064	neuron_Isl_2	steelblue2	neuron_Isl_2	neuron_Isl_2|0.98	lc031	lc031|0.98
mc.0234	neuron_Isl_2	steelblue2	neuron_Isl_2	neuron_Isl_2|0.93	lc031	lc031|0.80;lc047|0.12
mc.0098	neuron_Isl_2	steelblue2	neuron_Isl_2	neuron_Isl_2|0.92	lc031	lc031|0.92
mc.0102	neuron_Isl_2	steelblue2	neuron_Isl_2	neuron_Isl_2|1.00	lc031	lc031|1.00
mc.0084	neuron_Isl_2	steelblue2	neuron_Isl_2	neuron_Isl_2|0.99	lc047	lc047|0.99
mc.0072	neuron_Isl_2	steelblue2	neuron_Isl_2	neuron_Isl_2|0.57;neuron_Pou4_Otp|0.39	lc047	lc047|0.57;lc040|0.39
mc.0194	gland_1_Xbp	sienna1	gland_1_Xbp	gland_1_Xbp|0.70;gastrodermis_1|0.17;digestive_filaments|0.08	lc061	lc061|0.70;lc037|0.10;lc027|0.08
mc.0204	gland_2	sienna2	gland_2	gland_2|0.99	lc028	lc028|0.99
mc.0051	gland_2	sienna2	gland_2	gland_2|1.00	lc028	lc028|1.00
mc.0099	gland_3	sienna3	gland_3	gland_3|0.96	lc054	lc054|0.96
mc.0090	gland_4	tan1	gland_4	gland_4|0.73;gland_6|0.14	lc053	lc053|0.59;lc048|0.14;lc064|0.13
mc.0023	gland_5	tan2	gland_5	gland_5|0.81;gland_2|0.09	lc059	lc059|0.81;lc028|0.09
mc.0091	gland_6	tan3	gland_6	gland_6|0.60;neurosecretory_progenitors|0.21;gland_2|0.15	lc048	lc048|0.60;lc024|0.21;lc028|0.15
mc.0324	gland_6	tan3	gland_6	gland_6|0.84;neuron_Isl_1|0.11	lc048	lc048|0.84;lc065|0.11
mc.0039	cnidocyte	mediumorchid3	cnidocyte	cnidocyte|0.71;neurosecretory_progenitors|0.28	lc039	lc039|0.71;lc024|0.28
mc.0055	cnidocyte	mediumorchid3	cnidocyte	cnidocyte|1.00	lc039	lc039|1.00
mc.0247	immune_macrophage_like_1	plum1	immune_macrophage_like_1	immune_macrophage_like_1|1.00	lc032	lc032|0.81;lc043|0.19
mc.0036	immune_macrophage_like_1	plum1	immune_macrophage_like_1	immune_macrophage_like_1|1.00	lc032	lc032|0.95;lc043|0.05
mc.0053	immune_macrophage_like_1	plum1	immune_macrophage_like_1	immune_macrophage_like_1|1.00	lc032	lc032|0.95;lc043|0.05
mc.0235	immune_macrophage_like_1	plum1	immune_macrophage_like_1	immune_macrophage_like_1|1.00	lc043	lc043|0.73;lc032|0.27
mc.0153	immune_macrophage_like_1	plum1	immune_macrophage_like_1	immune_macrophage_like_1|1.00	lc043	lc043|0.84;lc032|0.16
mc.0115	immune_macrophage_like_1	plum1	immune_macrophage_like_1	immune_macrophage_like_1|1.00	lc043	lc043|0.56;lc032|0.44
mc.0096	immune_macrophage_like_2	plum2	immune_macrophage_like_2	immune_macrophage_like_2|0.97	lc049	lc049|0.97
mc.0139	immune_like	plum3	immune_like	immune_like|0.97	lc062	lc062|0.97
mc.0222	germline_oocytes	khaki2	germline_oocytes	germline_oocytes|0.84;epidermis_like_1|0.14	lc022	lc022|0.84;lc014|0.12
mc.0135	germline_oocytes	khaki2	germline_oocytes	germline_oocytes|1.00	lc022	lc022|1.00
mc.0237	germline_oocytes	khaki2	germline_oocytes	germline_oocytes|0.90	lc022	lc022|0.90
mc.0018	germline_oocytes	khaki2	germline_oocytes	germline_oocytes|0.96	lc022	lc022|0.96
